step,ip_before,ip_after,frame_depth,arithmetic_control,executed_instructions,procedure_calls,procedure_returns,maximum_local_frame_depth,instruction
0,0x0004bb18,0x0004bb1c,1,1056968708,5601754,8449,8448,4,"addo     4, sp, sp"
1,0x0004bb1c,0x0004bb24,1,1056968708,5601755,8449,8448,4,"st       r3, 0xfffffffc(sp)"
2,0x0004bb24,0x0004bb28,1,1056968708,5601756,8449,8448,4,"addo     16, sp, sp"
3,0x0004bb28,0x0004bb30,1,1056968708,5601757,8449,8448,4,"stq      r4, 0xfffffff0(sp)"
4,0x0004bb30,0x0004bb34,1,1056968708,5601758,8449,8448,4,"addo     16, sp, sp"
5,0x0004bb34,0x0004bb3c,1,1056968708,5601759,8449,8448,4,"stq      r8, 0xfffffff0(sp)"
6,0x0004bb3c,0x0004bb40,1,1056968708,5601760,8449,8448,4,"addo     16, sp, sp"
7,0x0004bb40,0x0004bb48,1,1056968708,5601761,8449,8448,4,"stq      r12, 0xfffffff0(sp)"
8,0x0004bb48,0x0004bb4c,1,1056968708,5601762,8449,8448,4,"addo     16, sp, sp"
9,0x0004bb4c,0x0004bb54,1,1056968708,5601763,8449,8448,4,"stq      g0, 0xfffffff0(sp)"
10,0x0004bb54,0x0004bb58,1,1056968708,5601764,8449,8448,4,"addo     16, sp, sp"
11,0x0004bb58,0x0004bb60,1,1056968708,5601765,8449,8448,4,"stq      g4, 0xfffffff0(sp)"
12,0x0004bb60,0x0004bb64,1,1056968708,5601766,8449,8448,4,"addo     16, sp, sp"
13,0x0004bb64,0x0004bb6c,1,1056968708,5601767,8449,8448,4,"stq      g8, 0xfffffff0(sp)"
14,0x0004bb6c,0x0004bb70,1,1056968708,5601768,8449,8448,4,"addo     4, sp, sp"
15,0x0004bb70,0x0004bb78,1,1056968708,5601769,8449,8448,4,"st       g12, 0xfffffffc(sp)"
16,0x0004bb78,0x0004bb7c,1,1056968708,5601770,8449,8448,4,"addo     4, sp, sp"
17,0x0004bb7c,0x0004bb84,1,1056968708,5601771,8449,8448,4,"st       g13, 0xfffffffc(sp)"
18,0x0004bb84,0x0004bb88,1,1056968708,5601772,8449,8448,4,"addo     4, sp, sp"
19,0x0004bb88,0x0004bb90,1,1056968708,5601773,8449,8448,4,"st       g14, 0xfffffffc(sp)"
20,0x0004bb90,0x0004bcd4,2,1056968708,5601774,8450,8448,4,"call     0x0004bcd4"
21,0x0004bcd4,0x0004bcdc,2,1056968708,5601775,8450,8448,4,"ldob     0x00500000, g0"
22,0x0004bcdc,0x0004bcf0,2,1056968708,5601776,8450,8448,4,"cmpobe   0, g0, 0x0004bcf0"
23,0x0004bcf0,0x0004bcf4,2,1056968708,5601777,8450,8448,4,"mov      0, g0"
24,0x0004bcf4,0x0004bcfc,2,1056968708,5601778,8450,8448,4,"stob     g0, 0x0050006d"
25,0x0004bcfc,0x0004bfe0,3,1056968708,5601779,8451,8448,4,"call     0x0004bfe0"
26,0x0004bfe0,0x0004bfe8,3,1056968708,5601780,8451,8448,4,"ld       0x00500068, r15"
27,0x0004bfe8,0x0004bfec,3,1056968708,5601781,8451,8448,4,"bbs      16, r15, 0x0004c0ec"
28,0x0004bfec,0x0004bff4,3,1056968708,5601782,8451,8448,4,"ldob     0x0050002b, r15"
29,0x0004bff4,0x0004bffc,3,1056968708,5601783,8451,8448,4,"lda      0x0000000c, r14"
30,0x0004bffc,0x0004c000,3,1056968708,5601784,8451,8448,4,"cmpobe   r14, r15, 0x0004c0b4"
31,0x0004c000,0x0004c008,3,1056968708,5601785,8451,8448,4,"lda      0x0000000d, r14"
32,0x0004c008,0x0004c00c,3,1056968708,5601786,8451,8448,4,"cmpobe   r14, r15, 0x0004c0b4"
33,0x0004c00c,0x0004c014,3,1056968708,5601787,8451,8448,4,"ldob     0x0050002b, r15"
34,0x0004c014,0x0004c01c,3,1056968708,5601788,8451,8448,4,"lda      0x000000c0, r14"
35,0x0004c01c,0x0004c020,3,1056968708,5601789,8451,8448,4,"bbs      r15, r14, 0x0004c0fc"
36,0x0004c020,0x0004c028,3,1056968708,5601790,8451,8448,4,"lda      0x0000c000, r14"
37,0x0004c028,0x0004c02c,3,1056968708,5601791,8451,8448,4,"bbs      r15, r14, 0x0004c0d8"
38,0x0004c02c,0x0004c034,3,1056968708,5601792,8451,8448,4,"lda      0x0000000c, r14"
39,0x0004c034,0x0004c038,3,1056968708,5601793,8451,8448,4,"bbs      r15, r14, 0x0004c11c"
40,0x0004c038,0x0004c040,3,1056968708,5601794,8451,8448,4,"lda      0x00000009, r14"
41,0x0004c040,0x0004c068,3,1056968708,5601795,8451,8448,4,"cmpobne  r15, r14, 0x0004c068"
42,0x0004c068,0x0004c070,3,1056968708,5601796,8451,8448,4,"lda      0x00003e80, r10"
43,0x0004c070,0x0004c078,3,1056968708,5601797,8451,8448,4,"lda      0x00004e20, r11"
44,0x0004c078,0x0004c10c,3,1056968708,5601798,8451,8448,4,"b        0x0004c10c"
45,0x0004c10c,0x0004c114,3,1056968708,5601799,8451,8448,4,"st       r10, 0x00550004"
46,0x0004c114,0x0004c11c,3,1056968708,5601800,8451,8448,4,"st       r11, 0x00550008"
47,0x0004c11c,0x0004bd00,2,1056968708,5601801,8451,8449,4,"ret      "
48,0x0004bd00,0x0004bd08,2,1056968708,5601802,8451,8449,4,"ld       0x0055000c, g0"
49,0x0004bd08,0x0004bd24,2,1056968708,5601803,8451,8449,4,"cmpobe   0, g0, 0x0004bd24"
50,0x0004bd24,0x0004bd2c,2,1056968708,5601804,8451,8449,4,"lda      0x00550168, r5"
51,0x0004bd2c,0x0004bd34,2,1056968708,5601805,8451,8449,4,"lda      0x005502a8, r6"
52,0x0004bd34,0x0004bd38,2,1056968708,5601806,8451,8449,4,"ldis     0x00000002(r5), r3"
53,0x0004bd38,0x0004bd48,2,1056968708,5601807,8451,8449,4,"cmpobne  0, r3, 0x0004bd48"
54,0x0004bd48,0x0004bd4c,2,1056968708,5601808,8451,8449,4,"ldos     (r5), g0"
55,0x0004bd4c,0x0004bd54,2,1056968708,5601809,8451,8449,4,"ld       0x00508000, r15"
56,0x0004bd54,0x0004bd58,2,1056968708,5601810,8451,8449,4,"bbs      9, r15, 0x0004bd5c"
57,0x0004bd58,0x0004d2c0,3,1056968708,5601811,8452,8449,4,"call     0x0004d2c0"
58,0x0004bd5c,0x0004bd60,2,1056968706,5602036,8454,8452,4,"cmpible  0, r3, 0x0004bde0"
59,0x0004bd60,0x0004bd64,2,1056968706,5602037,8454,8452,4,"ldos     0x0000001c(r5), g0"
60,0x0004bd64,0x0004bd6c,2,1056968706,5602038,8454,8452,4,"stos     g0, 0x0055c2f0"
61,0x0004bd6c,0x0004bd70,2,1056968706,5602039,8454,8452,4,"ldos     (r5), r3"
62,0x0004bd70,0x0004bd78,2,1056968706,5602040,8454,8452,4,"ld       0x0230000c, r4"
63,0x0004bd78,0x0004bd7c,2,1056968706,5602041,8454,8452,4,"ld       (r4)[r3*4], r10"
64,0x0004bd7c,0x0004bd84,2,1056968706,5602042,8454,8452,4,"ld       0x02300008, r9"
65,0x0004bd84,0x0004bd88,2,1056968706,5602043,8454,8452,4,"ld       (r10), r3"
66,0x0004bd88,0x0004bd8c,2,1056968706,5602044,8454,8452,4,"addo     4, r10, r10"
67,0x0004bd8c,0x0004bd90,2,1056968706,5602045,8454,8452,4,"ld       (r9)[r3*4], r9"
68,0x0004bd90,0x0004bd94,2,1056968706,5602046,8454,8452,4,"ld       (r9), r8"
69,0x0004bd94,0x0004bd98,2,1056968706,5602047,8454,8452,4,"addo     4, r9, r9"
70,0x0004bd98,0x0004bd9c,2,1056968706,5602048,8454,8452,4,"ld       0x00000010(r5), g0"
71,0x0004bd9c,0x0004bdb0,2,1056968706,5602049,8454,8452,4,"bbc      4, g0, 0x0004bdb0"
72,0x0004bdb0,0x0004bdb4,2,1056968706,5602050,8454,8452,4,"ld       0x00000010(r5), g0"
73,0x0004bdb4,0x0004bdb8,2,1056968706,5602051,8454,8452,4,"bbs      3, g0, 0x0004bdc0"
74,0x0004bdb8,0x0004bdbc,2,1056968706,5602052,8454,8452,4,"ld       0x00000010(r5), g0"
75,0x0004bdbc,0x0004bdd0,2,1056968706,5602053,8454,8452,4,"bbc      1, g0, 0x0004bdd0"
76,0x0004bdd0,0x0004bdd4,2,1056968706,5602054,8454,8452,4,"stis     r8, 0x00000002(r5)"
77,0x0004bdd4,0x0004bdd8,2,1056968706,5602055,8454,8452,4,"st       r9, 0x00000014(r5)"
78,0x0004bdd8,0x0004bddc,2,1056968706,5602056,8454,8452,4,"st       r10, 0x00000018(r5)"
79,0x0004bddc,0x0004bde0,2,1056968706,5602057,8454,8452,4,"cmpobe   0, r8, 0x0004bd24"
80,0x0004bde0,0x0004bde4,2,1056968706,5602058,8454,8452,4,"ld       0x00000010(r5), r7"
81,0x0004bde4,0x0004bde8,2,1056968706,5602059,8454,8452,4,"ldis     0x00000002(r5), r8"
82,0x0004bde8,0x0004bdec,2,1056968706,5602060,8454,8452,4,"ld       0x00000014(r5), r9"
83,0x0004bdec,0x0004bdf0,2,1056968706,5602061,8454,8452,4,"ld       0x00000018(r5), r10"
84,0x0004bdf0,0x0004bdf8,2,1056968706,5602062,8454,8452,4,"st       r7, 0x0055c2f4"
85,0x0004bdf8,0x0004bdfc,2,1056968706,5602063,8454,8452,4,"mov      1, r6"
86,0x0004bdfc,0x0004be00,2,1056968706,5602064,8454,8452,4,"bbs      3, r7, 0x0004be3c"
87,0x0004be00,0x0004be04,2,1056968706,5602065,8454,8452,4,"ld       (r9), g2"
88,0x0004be04,0x0004be08,2,1056968706,5602066,8454,8452,4,"xor      g2, r7, g8"
89,0x0004be08,0x0004be0c,2,1056968706,5602067,8454,8452,4,"and      g8, 1, g8"
90,0x0004be0c,0x0004be10,2,1056968706,5602068,8454,8452,4,"shlo     16, g2, g0"
91,0x0004be10,0x0004be14,2,1056968706,5602069,8454,8452,4,"shro     17, g0, g0"
92,0x0004be14,0x0004be1c,2,1056968706,5602070,8454,8452,4,"ldos     0x0004c120[g0*4], g6"
93,0x0004be1c,0x0004be24,2,1056968706,5602071,8454,8452,4,"ldos     0x0004c122[g0*4], g7"
94,0x0004be24,0x0004be28,2,1056968706,5602072,8454,8452,4,"shro     24, g2, g0"
95,0x0004be28,0x0004be2c,2,1056968706,5602073,8454,8452,4,"shlo     8, g2, g1"
96,0x0004be2c,0x0004be30,2,1056968706,5602074,8454,8452,4,"shro     24, g1, g1"
97,0x0004be30,0x0004be34,2,1056968706,5602075,8454,8452,4,"addo     g6, g0, g6"
98,0x0004be34,0x0004be38,2,1056968706,5602076,8454,8452,4,"addo     g7, g1, g7"
99,0x0004be38,0x0004be48,2,1056968706,5602077,8454,8452,4,"b        0x0004be48"
100,0x0004be48,0x0004be68,2,1056968706,5602078,8454,8452,4,"bbc      4, r7, 0x0004be68"
101,0x0004be68,0x0004d16c,3,1056968706,5602079,8455,8452,4,"call     0x0004d16c"
102,0x0004be6c,0x0004be70,2,1056968706,5602280,8455,8453,4,"ld       (r10), g3"
103,0x0004be70,0x0004be74,2,1056968706,5602281,8455,8453,4,"ld       (g3), r3"
104,0x0004be74,0x0004be78,2,1056968706,5602282,8455,8453,4,"addo     4, g3, g3"
105,0x0004be78,0x0004beb8,2,1056968706,5602283,8455,8453,4,"cmpobe   0, r3, 0x0004beb8"
106,0x0004beb8,0x0004c180,3,1056968706,5602284,8456,8453,4,"call     0x0004c180"
107,0x0004c180,0x0004c188,3,1056968706,5602285,8456,8453,4,"ld       0x00550080, g0"
108,0x0004bebc,0x0004bec4,2,1056968706,5673316,8459,8457,6,"ld       0x00550080, g0"
109,0x0004bec4,0x0004bef0,2,1056968706,5673317,8459,8457,6,"cmpobe   0, g0, 0x0004bef0"
110,0x0004bef0,0x0004cb64,3,1056968706,5673318,8460,8457,6,"call     0x0004cb64"
111,0x0004bef4,0x0004befc,2,1056968706,5741985,8461,8459,6,"ld       0x00550080, g0"
112,0x0004befc,0x0004bf28,2,1056968706,5741986,8461,8459,6,"cmpobe   0, g0, 0x0004bf28"
113,0x0004bf28,0x0004cd18,3,1056968706,5741987,8462,8459,6,"call     0x0004cd18"
114,0x0004bf2c,0x0004bf34,2,1056968706,5798369,8470,8468,6,"ld       0x00550080, g0"
115,0x0004bf34,0x0004bf60,2,1056968706,5798370,8470,8468,6,"cmpobe   0, g0, 0x0004bf60"
116,0x0004bf60,0x0004bf64,2,1056968706,5798371,8470,8468,6,"cmpdeco  1, r6, r6"
117,0x0004bf64,0x0004bf68,2,1056968706,5798372,8470,8468,6,"bl       0x0004bdfc"
118,0x0004bf68,0x0004bf6c,2,1056968706,5798373,8470,8468,6,"ldis     0x00000002(r5), g0"
119,0x0004bf6c,0x0004bf70,2,1056968706,5798374,8470,8468,6,"cmpibg   0, g0, 0x0004bf8c"
120,0x0004bf70,0x0004bf74,2,1056968706,5798375,8470,8468,6,"cmpibe   0, g0, 0x0004bf8c"
121,0x0004bf74,0x0004bf78,2,1056968706,5798376,8470,8468,6,"subo     1, r8, r8"
122,0x0004bf78,0x0004bf7c,2,1056968706,5798377,8470,8468,6,"addo     4, r9, r9"
123,0x0004bf7c,0x0004bf80,2,1056968706,5798378,8470,8468,6,"addo     4, r10, r10"
124,0x0004bf80,0x0004bf84,2,1056968706,5798379,8470,8468,6,"stis     r8, 0x00000002(r5)"
125,0x0004bf84,0x0004bf88,2,1056968706,5798380,8470,8468,6,"st       r9, 0x00000014(r5)"
126,0x0004bf88,0x0004bf8c,2,1056968706,5798381,8470,8468,6,"st       r10, 0x00000018(r5)"
127,0x0004bf8c,0x0004bd24,2,1056968706,5798382,8470,8468,6,"b        0x0004bd24"
128,0x0004bd24,0x0004bd2c,2,1056968706,5798383,8470,8468,6,"lda      0x00550168, r5"
129,0x0004bd2c,0x0004bd34,2,1056968706,5798384,8470,8468,6,"lda      0x005502a8, r6"
130,0x0004bd34,0x0004bd38,2,1056968706,5798385,8470,8468,6,"ldis     0x00000002(r5), r3"
131,0x0004bd38,0x0004bd48,2,1056968706,5798386,8470,8468,6,"cmpobne  0, r3, 0x0004bd48"
132,0x0004bd48,0x0004bd4c,2,1056968706,5798387,8470,8468,6,"ldos     (r5), g0"
133,0x0004bd4c,0x0004bd54,2,1056968706,5798388,8470,8468,6,"ld       0x00508000, r15"
134,0x0004bd54,0x0004bd58,2,1056968706,5798389,8470,8468,6,"bbs      9, r15, 0x0004bd5c"
135,0x0004bd58,0x0004d2c0,3,1056968706,5798390,8471,8468,6,"call     0x0004d2c0"
136,0x0004bd5c,0x0004bde0,2,1056968706,5798615,8473,8471,6,"cmpible  0, r3, 0x0004bde0"
137,0x0004bde0,0x0004bde4,2,1056968706,5798616,8473,8471,6,"ld       0x00000010(r5), r7"
138,0x0004bde4,0x0004bde8,2,1056968706,5798617,8473,8471,6,"ldis     0x00000002(r5), r8"
139,0x0004bde8,0x0004bdec,2,1056968706,5798618,8473,8471,6,"ld       0x00000014(r5), r9"
140,0x0004bdec,0x0004bdf0,2,1056968706,5798619,8473,8471,6,"ld       0x00000018(r5), r10"
141,0x0004bdf0,0x0004bdf8,2,1056968706,5798620,8473,8471,6,"st       r7, 0x0055c2f4"
142,0x0004bdf8,0x0004bdfc,2,1056968706,5798621,8473,8471,6,"mov      1, r6"
143,0x0004bdfc,0x0004be00,2,1056968706,5798622,8473,8471,6,"bbs      3, r7, 0x0004be3c"
144,0x0004be00,0x0004be04,2,1056968706,5798623,8473,8471,6,"ld       (r9), g2"
145,0x0004be04,0x0004be08,2,1056968706,5798624,8473,8471,6,"xor      g2, r7, g8"
146,0x0004be08,0x0004be0c,2,1056968706,5798625,8473,8471,6,"and      g8, 1, g8"
147,0x0004be0c,0x0004be10,2,1056968706,5798626,8473,8471,6,"shlo     16, g2, g0"
148,0x0004be10,0x0004be14,2,1056968706,5798627,8473,8471,6,"shro     17, g0, g0"
149,0x0004be14,0x0004be1c,2,1056968706,5798628,8473,8471,6,"ldos     0x0004c120[g0*4], g6"
150,0x0004be1c,0x0004be24,2,1056968706,5798629,8473,8471,6,"ldos     0x0004c122[g0*4], g7"
151,0x0004be24,0x0004be28,2,1056968706,5798630,8473,8471,6,"shro     24, g2, g0"
152,0x0004be28,0x0004be2c,2,1056968706,5798631,8473,8471,6,"shlo     8, g2, g1"
153,0x0004be2c,0x0004be30,2,1056968706,5798632,8473,8471,6,"shro     24, g1, g1"
154,0x0004be30,0x0004be34,2,1056968706,5798633,8473,8471,6,"addo     g6, g0, g6"
155,0x0004be34,0x0004be38,2,1056968706,5798634,8473,8471,6,"addo     g7, g1, g7"
156,0x0004be38,0x0004be48,2,1056968706,5798635,8473,8471,6,"b        0x0004be48"
157,0x0004be48,0x0004be68,2,1056968706,5798636,8473,8471,6,"bbc      4, r7, 0x0004be68"
158,0x0004be68,0x0004d16c,3,1056968706,5798637,8474,8471,6,"call     0x0004d16c"
159,0x0004be6c,0x0004be70,2,1056968706,5798838,8474,8472,6,"ld       (r10), g3"
160,0x0004be70,0x0004be74,2,1056968706,5798839,8474,8472,6,"ld       (g3), r3"
161,0x0004be74,0x0004be78,2,1056968706,5798840,8474,8472,6,"addo     4, g3, g3"
162,0x0004be78,0x0004beb8,2,1056968706,5798841,8474,8472,6,"cmpobe   0, r3, 0x0004beb8"
163,0x0004beb8,0x0004c180,3,1056968706,5798842,8475,8472,6,"call     0x0004c180"
164,0x0004c180,0x0004c188,3,1056968706,5798843,8475,8472,6,"ld       0x00550080, g0"
165,0x0004bebc,0x0004bec4,2,1056968706,5884472,8480,8478,7,"ld       0x00550080, g0"
166,0x0004bec4,0x0004bef0,2,1056968706,5884473,8480,8478,7,"cmpobe   0, g0, 0x0004bef0"
167,0x0004bef0,0x0004cb64,3,1056968706,5884474,8481,8478,7,"call     0x0004cb64"
168,0x0004bef4,0x0004befc,2,1056968706,5960142,8482,8480,7,"ld       0x00550080, g0"
169,0x0004befc,0x0004bf28,2,1056968706,5960143,8482,8480,7,"cmpobe   0, g0, 0x0004bf28"
170,0x0004bf28,0x0004cd18,3,1056968706,5960144,8483,8480,7,"call     0x0004cd18"
171,0x0004bf2c,0x0004bf34,2,1056968706,6018686,8491,8489,7,"ld       0x00550080, g0"
172,0x0004bf34,0x0004bf60,2,1056968706,6018687,8491,8489,7,"cmpobe   0, g0, 0x0004bf60"
173,0x0004bf60,0x0004bf64,2,1056968706,6018688,8491,8489,7,"cmpdeco  1, r6, r6"
174,0x0004bf64,0x0004bf68,2,1056968706,6018689,8491,8489,7,"bl       0x0004bdfc"
175,0x0004bf68,0x0004bf6c,2,1056968706,6018690,8491,8489,7,"ldis     0x00000002(r5), g0"
176,0x0004bf6c,0x0004bf70,2,1056968706,6018691,8491,8489,7,"cmpibg   0, g0, 0x0004bf8c"
177,0x0004bf70,0x0004bf74,2,1056968706,6018692,8491,8489,7,"cmpibe   0, g0, 0x0004bf8c"
178,0x0004bf74,0x0004bf78,2,1056968706,6018693,8491,8489,7,"subo     1, r8, r8"
179,0x0004bf78,0x0004bf7c,2,1056968706,6018694,8491,8489,7,"addo     4, r9, r9"
180,0x0004bf7c,0x0004bf80,2,1056968706,6018695,8491,8489,7,"addo     4, r10, r10"
181,0x0004bf80,0x0004bf84,2,1056968706,6018696,8491,8489,7,"stis     r8, 0x00000002(r5)"
182,0x0004bf84,0x0004bf88,2,1056968706,6018697,8491,8489,7,"st       r9, 0x00000014(r5)"
183,0x0004bf88,0x0004bf8c,2,1056968706,6018698,8491,8489,7,"st       r10, 0x00000018(r5)"
184,0x0004bf8c,0x0004bd24,2,1056968706,6018699,8491,8489,7,"b        0x0004bd24"
185,0x0004bd24,0x0004bd2c,2,1056968706,6018700,8491,8489,7,"lda      0x00550168, r5"
186,0x0004bd2c,0x0004bd34,2,1056968706,6018701,8491,8489,7,"lda      0x005502a8, r6"
187,0x0004bd34,0x0004bd38,2,1056968706,6018702,8491,8489,7,"ldis     0x00000002(r5), r3"
188,0x0004bd38,0x0004bd48,2,1056968706,6018703,8491,8489,7,"cmpobne  0, r3, 0x0004bd48"
189,0x0004bd48,0x0004bd4c,2,1056968706,6018704,8491,8489,7,"ldos     (r5), g0"
190,0x0004bd4c,0x0004bd54,2,1056968706,6018705,8491,8489,7,"ld       0x00508000, r15"
191,0x0004bd54,0x0004bd58,2,1056968706,6018706,8491,8489,7,"bbs      9, r15, 0x0004bd5c"
192,0x0004bd58,0x0004d2c0,3,1056968706,6018707,8492,8489,7,"call     0x0004d2c0"
193,0x0004bd5c,0x0004bde0,2,1056968706,6018932,8494,8492,7,"cmpible  0, r3, 0x0004bde0"
194,0x0004bde0,0x0004bde4,2,1056968706,6018933,8494,8492,7,"ld       0x00000010(r5), r7"
195,0x0004bde4,0x0004bde8,2,1056968706,6018934,8494,8492,7,"ldis     0x00000002(r5), r8"
196,0x0004bde8,0x0004bdec,2,1056968706,6018935,8494,8492,7,"ld       0x00000014(r5), r9"
197,0x0004bdec,0x0004bdf0,2,1056968706,6018936,8494,8492,7,"ld       0x00000018(r5), r10"
198,0x0004bdf0,0x0004bdf8,2,1056968706,6018937,8494,8492,7,"st       r7, 0x0055c2f4"
199,0x0004bdf8,0x0004bdfc,2,1056968706,6018938,8494,8492,7,"mov      1, r6"
200,0x0004bdfc,0x0004be00,2,1056968706,6018939,8494,8492,7,"bbs      3, r7, 0x0004be3c"
201,0x0004be00,0x0004be04,2,1056968706,6018940,8494,8492,7,"ld       (r9), g2"
202,0x0004be04,0x0004be08,2,1056968706,6018941,8494,8492,7,"xor      g2, r7, g8"
203,0x0004be08,0x0004be0c,2,1056968706,6018942,8494,8492,7,"and      g8, 1, g8"
204,0x0004be0c,0x0004be10,2,1056968706,6018943,8494,8492,7,"shlo     16, g2, g0"
205,0x0004be10,0x0004be14,2,1056968706,6018944,8494,8492,7,"shro     17, g0, g0"
206,0x0004be14,0x0004be1c,2,1056968706,6018945,8494,8492,7,"ldos     0x0004c120[g0*4], g6"
207,0x0004be1c,0x0004be24,2,1056968706,6018946,8494,8492,7,"ldos     0x0004c122[g0*4], g7"
208,0x0004be24,0x0004be28,2,1056968706,6018947,8494,8492,7,"shro     24, g2, g0"
209,0x0004be28,0x0004be2c,2,1056968706,6018948,8494,8492,7,"shlo     8, g2, g1"
210,0x0004be2c,0x0004be30,2,1056968706,6018949,8494,8492,7,"shro     24, g1, g1"
211,0x0004be30,0x0004be34,2,1056968706,6018950,8494,8492,7,"addo     g6, g0, g6"
212,0x0004be34,0x0004be38,2,1056968706,6018951,8494,8492,7,"addo     g7, g1, g7"
213,0x0004be38,0x0004be48,2,1056968706,6018952,8494,8492,7,"b        0x0004be48"
214,0x0004be48,0x0004be68,2,1056968706,6018953,8494,8492,7,"bbc      4, r7, 0x0004be68"
215,0x0004be68,0x0004d16c,3,1056968706,6018954,8495,8492,7,"call     0x0004d16c"
216,0x0004be6c,0x0004be70,2,1056968706,6019155,8495,8493,7,"ld       (r10), g3"
217,0x0004be70,0x0004be74,2,1056968706,6019156,8495,8493,7,"ld       (g3), r3"
218,0x0004be74,0x0004be78,2,1056968706,6019157,8495,8493,7,"addo     4, g3, g3"
219,0x0004be78,0x0004beb8,2,1056968706,6019158,8495,8493,7,"cmpobe   0, r3, 0x0004beb8"
220,0x0004beb8,0x0004c180,3,1056968706,6019159,8496,8493,7,"call     0x0004c180"
221,0x0004c180,0x0004c188,3,1056968706,6019160,8496,8493,7,"ld       0x00550080, g0"
222,0x0004bebc,0x0004bec4,2,1056968706,6403181,8664,8662,12,"ld       0x00550080, g0"
223,0x0004bec4,0x0004bef0,2,1056968706,6403182,8664,8662,12,"cmpobe   0, g0, 0x0004bef0"
224,0x0004bef0,0x0004cb64,3,1056968706,6403183,8665,8662,12,"call     0x0004cb64"
225,0x0004bef4,0x0004befc,2,1056968706,6521436,8666,8664,12,"ld       0x00550080, g0"
226,0x0004befc,0x0004bf28,2,1056968706,6521437,8666,8664,12,"cmpobe   0, g0, 0x0004bf28"
227,0x0004bf28,0x0004cd18,3,1056968706,6521438,8667,8664,12,"call     0x0004cd18"
228,0x0004bf2c,0x0004bf34,2,1056968706,6606809,8675,8673,12,"ld       0x00550080, g0"
229,0x0004bf34,0x0004bf60,2,1056968706,6606810,8675,8673,12,"cmpobe   0, g0, 0x0004bf60"
230,0x0004bf60,0x0004bf64,2,1056968706,6606811,8675,8673,12,"cmpdeco  1, r6, r6"
231,0x0004bf64,0x0004bf68,2,1056968706,6606812,8675,8673,12,"bl       0x0004bdfc"
232,0x0004bf68,0x0004bf6c,2,1056968706,6606813,8675,8673,12,"ldis     0x00000002(r5), g0"
233,0x0004bf6c,0x0004bf70,2,1056968706,6606814,8675,8673,12,"cmpibg   0, g0, 0x0004bf8c"
234,0x0004bf70,0x0004bf74,2,1056968706,6606815,8675,8673,12,"cmpibe   0, g0, 0x0004bf8c"
235,0x0004bf74,0x0004bf78,2,1056968706,6606816,8675,8673,12,"subo     1, r8, r8"
236,0x0004bf78,0x0004bf7c,2,1056968706,6606817,8675,8673,12,"addo     4, r9, r9"
237,0x0004bf7c,0x0004bf80,2,1056968706,6606818,8675,8673,12,"addo     4, r10, r10"
238,0x0004bf80,0x0004bf84,2,1056968706,6606819,8675,8673,12,"stis     r8, 0x00000002(r5)"
239,0x0004bf84,0x0004bf88,2,1056968706,6606820,8675,8673,12,"st       r9, 0x00000014(r5)"
240,0x0004bf88,0x0004bf8c,2,1056968706,6606821,8675,8673,12,"st       r10, 0x00000018(r5)"
241,0x0004bf8c,0x0004bd24,2,1056968706,6606822,8675,8673,12,"b        0x0004bd24"
242,0x0004bd24,0x0004bd2c,2,1056968706,6606823,8675,8673,12,"lda      0x00550168, r5"
243,0x0004bd2c,0x0004bd34,2,1056968706,6606824,8675,8673,12,"lda      0x005502a8, r6"
244,0x0004bd34,0x0004bd38,2,1056968706,6606825,8675,8673,12,"ldis     0x00000002(r5), r3"
245,0x0004bd38,0x0004bd48,2,1056968706,6606826,8675,8673,12,"cmpobne  0, r3, 0x0004bd48"
246,0x0004bd48,0x0004bd4c,2,1056968706,6606827,8675,8673,12,"ldos     (r5), g0"
247,0x0004bd4c,0x0004bd54,2,1056968706,6606828,8675,8673,12,"ld       0x00508000, r15"
248,0x0004bd54,0x0004bd58,2,1056968706,6606829,8675,8673,12,"bbs      9, r15, 0x0004bd5c"
249,0x0004bd58,0x0004d2c0,3,1056968706,6606830,8676,8673,12,"call     0x0004d2c0"
250,0x0004bd5c,0x0004bde0,2,1056968706,6607055,8678,8676,12,"cmpible  0, r3, 0x0004bde0"
251,0x0004bde0,0x0004bde4,2,1056968706,6607056,8678,8676,12,"ld       0x00000010(r5), r7"
252,0x0004bde4,0x0004bde8,2,1056968706,6607057,8678,8676,12,"ldis     0x00000002(r5), r8"
253,0x0004bde8,0x0004bdec,2,1056968706,6607058,8678,8676,12,"ld       0x00000014(r5), r9"
254,0x0004bdec,0x0004bdf0,2,1056968706,6607059,8678,8676,12,"ld       0x00000018(r5), r10"
255,0x0004bdf0,0x0004bdf8,2,1056968706,6607060,8678,8676,12,"st       r7, 0x0055c2f4"
256,0x0004bdf8,0x0004bdfc,2,1056968706,6607061,8678,8676,12,"mov      1, r6"
257,0x0004bdfc,0x0004be00,2,1056968706,6607062,8678,8676,12,"bbs      3, r7, 0x0004be3c"
258,0x0004be00,0x0004be04,2,1056968706,6607063,8678,8676,12,"ld       (r9), g2"
259,0x0004be04,0x0004be08,2,1056968706,6607064,8678,8676,12,"xor      g2, r7, g8"
260,0x0004be08,0x0004be0c,2,1056968706,6607065,8678,8676,12,"and      g8, 1, g8"
261,0x0004be0c,0x0004be10,2,1056968706,6607066,8678,8676,12,"shlo     16, g2, g0"
262,0x0004be10,0x0004be14,2,1056968706,6607067,8678,8676,12,"shro     17, g0, g0"
263,0x0004be14,0x0004be1c,2,1056968706,6607068,8678,8676,12,"ldos     0x0004c120[g0*4], g6"
264,0x0004be1c,0x0004be24,2,1056968706,6607069,8678,8676,12,"ldos     0x0004c122[g0*4], g7"
265,0x0004be24,0x0004be28,2,1056968706,6607070,8678,8676,12,"shro     24, g2, g0"
266,0x0004be28,0x0004be2c,2,1056968706,6607071,8678,8676,12,"shlo     8, g2, g1"
267,0x0004be2c,0x0004be30,2,1056968706,6607072,8678,8676,12,"shro     24, g1, g1"
268,0x0004be30,0x0004be34,2,1056968706,6607073,8678,8676,12,"addo     g6, g0, g6"
269,0x0004be34,0x0004be38,2,1056968706,6607074,8678,8676,12,"addo     g7, g1, g7"
270,0x0004be38,0x0004be48,2,1056968706,6607075,8678,8676,12,"b        0x0004be48"
271,0x0004be48,0x0004be68,2,1056968706,6607076,8678,8676,12,"bbc      4, r7, 0x0004be68"
272,0x0004be68,0x0004d16c,3,1056968706,6607077,8679,8676,12,"call     0x0004d16c"
273,0x0004be6c,0x0004be70,2,1056968706,6607278,8679,8677,12,"ld       (r10), g3"
274,0x0004be70,0x0004be74,2,1056968706,6607279,8679,8677,12,"ld       (g3), r3"
275,0x0004be74,0x0004be78,2,1056968706,6607280,8679,8677,12,"addo     4, g3, g3"
276,0x0004be78,0x0004beb8,2,1056968706,6607281,8679,8677,12,"cmpobe   0, r3, 0x0004beb8"
277,0x0004beb8,0x0004c180,3,1056968706,6607282,8680,8677,12,"call     0x0004c180"
278,0x0004c180,0x0004c188,3,1056968706,6607283,8680,8677,12,"ld       0x00550080, g0"
279,0x0004bebc,0x0004bec4,2,1056968706,6719346,8709,8707,12,"ld       0x00550080, g0"
280,0x0004bec4,0x0004bef0,2,1056968706,6719347,8709,8707,12,"cmpobe   0, g0, 0x0004bef0"
281,0x0004bef0,0x0004cb64,3,1056968706,6719348,8710,8707,12,"call     0x0004cb64"
282,0x0004bef4,0x0004befc,2,1056968706,6802106,8711,8709,12,"ld       0x00550080, g0"
283,0x0004befc,0x0004bf28,2,1056968706,6802107,8711,8709,12,"cmpobe   0, g0, 0x0004bf28"
284,0x0004bf28,0x0004cd18,3,1056968706,6802108,8712,8709,12,"call     0x0004cd18"
285,0x0004bf2c,0x0004bf34,2,1056968706,6867562,8720,8718,12,"ld       0x00550080, g0"
286,0x0004bf34,0x0004bf60,2,1056968706,6867563,8720,8718,12,"cmpobe   0, g0, 0x0004bf60"
287,0x0004bf60,0x0004bf64,2,1056968706,6867564,8720,8718,12,"cmpdeco  1, r6, r6"
288,0x0004bf64,0x0004bf68,2,1056968706,6867565,8720,8718,12,"bl       0x0004bdfc"
289,0x0004bf68,0x0004bf6c,2,1056968706,6867566,8720,8718,12,"ldis     0x00000002(r5), g0"
290,0x0004bf6c,0x0004bf70,2,1056968706,6867567,8720,8718,12,"cmpibg   0, g0, 0x0004bf8c"
291,0x0004bf70,0x0004bf74,2,1056968706,6867568,8720,8718,12,"cmpibe   0, g0, 0x0004bf8c"
292,0x0004bf74,0x0004bf78,2,1056968706,6867569,8720,8718,12,"subo     1, r8, r8"
293,0x0004bf78,0x0004bf7c,2,1056968706,6867570,8720,8718,12,"addo     4, r9, r9"
294,0x0004bf7c,0x0004bf80,2,1056968706,6867571,8720,8718,12,"addo     4, r10, r10"
295,0x0004bf80,0x0004bf84,2,1056968706,6867572,8720,8718,12,"stis     r8, 0x00000002(r5)"
296,0x0004bf84,0x0004bf88,2,1056968706,6867573,8720,8718,12,"st       r9, 0x00000014(r5)"
297,0x0004bf88,0x0004bf8c,2,1056968706,6867574,8720,8718,12,"st       r10, 0x00000018(r5)"
298,0x0004bf8c,0x0004bd24,2,1056968706,6867575,8720,8718,12,"b        0x0004bd24"
299,0x0004bd24,0x0004bd2c,2,1056968706,6867576,8720,8718,12,"lda      0x00550168, r5"
300,0x0004bd2c,0x0004bd34,2,1056968706,6867577,8720,8718,12,"lda      0x005502a8, r6"
301,0x0004bd34,0x0004bd38,2,1056968706,6867578,8720,8718,12,"ldis     0x00000002(r5), r3"
302,0x0004bd38,0x0004bd3c,2,1056968706,6867579,8720,8718,12,"cmpobne  0, r3, 0x0004bd48"
303,0x0004bd3c,0x0004bd40,2,1056968706,6867580,8720,8718,12,"lda      0x00000020(r5), r5"
304,0x0004bd40,0x0004bd34,2,1056968706,6867581,8720,8718,12,"cmpobl   r5, r6, 0x0004bd34"
305,0x0004bd34,0x0004bd38,2,1056968706,6867582,8720,8718,12,"ldis     0x00000002(r5), r3"
306,0x0004bd38,0x0004bd3c,2,1056968706,6867583,8720,8718,12,"cmpobne  0, r3, 0x0004bd48"
307,0x0004bd3c,0x0004bd40,2,1056968706,6867584,8720,8718,12,"lda      0x00000020(r5), r5"
308,0x0004bd40,0x0004bd34,2,1056968706,6867585,8720,8718,12,"cmpobl   r5, r6, 0x0004bd34"
309,0x0004bd34,0x0004bd38,2,1056968706,6867586,8720,8718,12,"ldis     0x00000002(r5), r3"
310,0x0004bd38,0x0004bd3c,2,1056968706,6867587,8720,8718,12,"cmpobne  0, r3, 0x0004bd48"
311,0x0004bd3c,0x0004bd40,2,1056968706,6867588,8720,8718,12,"lda      0x00000020(r5), r5"
312,0x0004bd40,0x0004bd34,2,1056968706,6867589,8720,8718,12,"cmpobl   r5, r6, 0x0004bd34"
313,0x0004bd34,0x0004bd38,2,1056968706,6867590,8720,8718,12,"ldis     0x00000002(r5), r3"
314,0x0004bd38,0x0004bd3c,2,1056968706,6867591,8720,8718,12,"cmpobne  0, r3, 0x0004bd48"
315,0x0004bd3c,0x0004bd40,2,1056968706,6867592,8720,8718,12,"lda      0x00000020(r5), r5"
316,0x0004bd40,0x0004bd34,2,1056968706,6867593,8720,8718,12,"cmpobl   r5, r6, 0x0004bd34"
317,0x0004bd34,0x0004bd38,2,1056968706,6867594,8720,8718,12,"ldis     0x00000002(r5), r3"
318,0x0004bd38,0x0004bd3c,2,1056968706,6867595,8720,8718,12,"cmpobne  0, r3, 0x0004bd48"
319,0x0004bd3c,0x0004bd40,2,1056968706,6867596,8720,8718,12,"lda      0x00000020(r5), r5"
320,0x0004bd40,0x0004bd34,2,1056968706,6867597,8720,8718,12,"cmpobl   r5, r6, 0x0004bd34"
321,0x0004bd34,0x0004bd38,2,1056968706,6867598,8720,8718,12,"ldis     0x00000002(r5), r3"
322,0x0004bd38,0x0004bd3c,2,1056968706,6867599,8720,8718,12,"cmpobne  0, r3, 0x0004bd48"
323,0x0004bd3c,0x0004bd40,2,1056968706,6867600,8720,8718,12,"lda      0x00000020(r5), r5"
324,0x0004bd40,0x0004bd34,2,1056968706,6867601,8720,8718,12,"cmpobl   r5, r6, 0x0004bd34"
325,0x0004bd34,0x0004bd38,2,1056968706,6867602,8720,8718,12,"ldis     0x00000002(r5), r3"
326,0x0004bd38,0x0004bd3c,2,1056968706,6867603,8720,8718,12,"cmpobne  0, r3, 0x0004bd48"
327,0x0004bd3c,0x0004bd40,2,1056968706,6867604,8720,8718,12,"lda      0x00000020(r5), r5"
328,0x0004bd40,0x0004bd34,2,1056968706,6867605,8720,8718,12,"cmpobl   r5, r6, 0x0004bd34"
329,0x0004bd34,0x0004bd38,2,1056968706,6867606,8720,8718,12,"ldis     0x00000002(r5), r3"
330,0x0004bd38,0x0004bd3c,2,1056968706,6867607,8720,8718,12,"cmpobne  0, r3, 0x0004bd48"
331,0x0004bd3c,0x0004bd40,2,1056968706,6867608,8720,8718,12,"lda      0x00000020(r5), r5"
332,0x0004bd40,0x0004bd34,2,1056968706,6867609,8720,8718,12,"cmpobl   r5, r6, 0x0004bd34"
333,0x0004bd34,0x0004bd38,2,1056968706,6867610,8720,8718,12,"ldis     0x00000002(r5), r3"
334,0x0004bd38,0x0004bd3c,2,1056968706,6867611,8720,8718,12,"cmpobne  0, r3, 0x0004bd48"
335,0x0004bd3c,0x0004bd40,2,1056968706,6867612,8720,8718,12,"lda      0x00000020(r5), r5"
336,0x0004bd40,0x0004bd34,2,1056968706,6867613,8720,8718,12,"cmpobl   r5, r6, 0x0004bd34"
337,0x0004bd34,0x0004bd38,2,1056968706,6867614,8720,8718,12,"ldis     0x00000002(r5), r3"
338,0x0004bd38,0x0004bd3c,2,1056968706,6867615,8720,8718,12,"cmpobne  0, r3, 0x0004bd48"
339,0x0004bd3c,0x0004bd40,2,1056968706,6867616,8720,8718,12,"lda      0x00000020(r5), r5"
340,0x0004bd40,0x0004bd44,2,1056968706,6867617,8720,8718,12,"cmpobl   r5, r6, 0x0004bd34"
341,0x0004bd44,0x0004bf90,2,1056968706,6867618,8720,8718,12,"b        0x0004bf90"
342,0x0004bf90,0x0004bf94,2,1056968706,6867619,8720,8718,12,"mov      0, r3"
343,0x0004bf94,0x0004bf9c,2,1056968706,6867620,8720,8718,12,"stos     r3, 0x0055c2f0"
344,0x0004bf9c,0x0004bfa4,2,1056968706,6867621,8720,8718,12,"ld       0x005502c0, r14"
345,0x0004bfa4,0x0004bfa8,2,1056968706,6867622,8720,8718,12,"cmpobne  0, r14, 0x0004bfcc"
346,0x0004bfa8,0x0004bfb0,2,1056968706,6867623,8720,8718,12,"ld       0x005502d0, r14"
347,0x0004bfb0,0x0004bfb4,2,1056968706,6867624,8720,8718,12,"cmpobne  0, r14, 0x0004bfcc"
348,0x0004bfb4,0x0004bfbc,2,1056968706,6867625,8720,8718,12,"ld       0x005502e0, r14"
349,0x0004bfbc,0x0004bfcc,2,1056968706,6867626,8720,8718,12,"cmpobne  0, r14, 0x0004bfcc"
350,0x0004bfcc,0x0004bfd4,2,1056968706,6867627,8720,8718,12,"ld       0x00508000, r15"
351,0x0004bfd4,0x0004bfd8,2,1056968706,6867628,8720,8718,12,"bbs      9, r15, 0x0004bfdc"
352,0x0004bfd8,0x0004d25c,3,1056968706,6867629,8721,8718,12,"call     0x0004d25c"
353,0x0004bfdc,0x0004bb94,1,1056968706,6867787,8722,8721,12,"ret      "
354,0x0004bb94,0x0004b8d8,2,1056968706,6867788,8723,8721,12,"call     0x0004b8d8"
355,0x0004bb98,0x0004bba0,1,1056968706,6867806,8725,8724,12,"lda      0x005502c0, r3"
356,0x0004bba0,0x0004bba8,1,1056968706,6867807,8725,8724,12,"ld       [r3], r4"
357,0x0004bba8,0x0004bbac,1,1056968705,6867808,8725,8724,12,"cmpdeco  1, r4, r4"
358,0x0004bbac,0x0004bbd8,1,1056968705,6867809,8725,8724,12,"bg       0x0004bbd8"
359,0x0004bbd8,0x0004bbe0,1,1056968705,6867810,8725,8724,12,"lda      0x005502d0, r3"
360,0x0004bbe0,0x0004bbe8,1,1056968705,6867811,8725,8724,12,"ld       [r3], r4"
361,0x0004bbe8,0x0004bbec,1,1056968705,6867812,8725,8724,12,"cmpdeco  1, r4, r4"
362,0x0004bbec,0x0004bc18,1,1056968705,6867813,8725,8724,12,"bg       0x0004bc18"
363,0x0004bc18,0x0004bc20,1,1056968705,6867814,8725,8724,12,"lda      0x005502e0, r3"
364,0x0004bc20,0x0004bc28,1,1056968705,6867815,8725,8724,12,"ld       [r3], r4"
365,0x0004bc28,0x0004bc2c,1,1056968708,6867816,8725,8724,12,"cmpdeco  1, r4, r4"
366,0x0004bc2c,0x0004bc30,1,1056968708,6867817,8725,8724,12,"bg       0x0004bc58"
367,0x0004bc30,0x0004bc38,1,1056968708,6867818,8725,8724,12,"st       r4, [r3]"
368,0x0004bc38,0x0004bc58,1,1056968708,6867819,8725,8724,12,"bl       0x0004bc58"
369,0x0004bc58,0x0004bc60,1,1056968708,6867820,8725,8724,12,"ld       0xfffffffc(sp), g14"
370,0x0004bc60,0x0004bc64,1,1056968708,6867821,8725,8724,12,"subo     4, sp, sp"
371,0x0004bc64,0x0004bc6c,1,1056968708,6867822,8725,8724,12,"ld       0xfffffffc(sp), g13"
372,0x0004bc6c,0x0004bc70,1,1056968708,6867823,8725,8724,12,"subo     4, sp, sp"
373,0x0004bc70,0x0004bc78,1,1056968708,6867824,8725,8724,12,"ld       0xfffffffc(sp), g12"
374,0x0004bc78,0x0004bc7c,1,1056968708,6867825,8725,8724,12,"subo     4, sp, sp"
375,0x0004bc7c,0x0004bc84,1,1056968708,6867826,8725,8724,12,"ldq      0xfffffff0(sp), g8"
376,0x0004bc84,0x0004bc88,1,1056968708,6867827,8725,8724,12,"subo     16, sp, sp"
377,0x0004bc88,0x0004bc90,1,1056968708,6867828,8725,8724,12,"ldq      0xfffffff0(sp), g4"
378,0x0004bc90,0x0004bc94,1,1056968708,6867829,8725,8724,12,"subo     16, sp, sp"
379,0x0004bc94,0x0004bc9c,1,1056968708,6867830,8725,8724,12,"ldq      0xfffffff0(sp), g0"
380,0x0004bc9c,0x0004bca0,1,1056968708,6867831,8725,8724,12,"subo     16, sp, sp"
381,0x0004bca0,0x0004bca8,1,1056968708,6867832,8725,8724,12,"ldq      0xfffffff0(sp), r12"
382,0x0004bca8,0x0004bcac,1,1056968708,6867833,8725,8724,12,"subo     16, sp, sp"
383,0x0004bcac,0x0004bcb4,1,1056968708,6867834,8725,8724,12,"ldq      0xfffffff0(sp), r8"
384,0x0004bcb4,0x0004bcb8,1,1056968708,6867835,8725,8724,12,"subo     16, sp, sp"
385,0x0004bcb8,0x0004bcc0,1,1056968708,6867836,8725,8724,12,"ldq      0xfffffff0(sp), r4"
386,0x0004bcc0,0x0004bcc4,1,1056968708,6867837,8725,8724,12,"subo     16, sp, sp"
387,0x0004bcc4,0x0004bccc,1,1056968708,6867838,8725,8724,12,"ld       0xfffffffc(sp), r3"
388,0x0004bccc,0x0004bcd0,1,1056968708,6867839,8725,8724,12,"subo     4, sp, sp"
389,0x0004bcd0,0x0000a034,0,1056968708,6867840,8725,8725,12,"ret      "
