filename,region,region_size,fill,offset,size,load_type,crc32,sha1,sha256,description
epr-18385.12,maincpu,0x00200000,0x00,0x00000000,0x00020000,load32_word,78ed2d41,471c19389ceeec6138107dd81863320bd4825327,388bb5cd0304e6a9656b3ac12aa1a3e8c824edd96686479131ec341149ae4cb0,"i960 program, low word bank 0"
epr-18386.13,maincpu,0x00200000,0x00,0x00000002,0x00020000,load32_word,3418f428,0f51e389e13efc172a26471331a60c459ad43c38,07bede90efaf3374c37bb95e6914ae47e3ca7a95e6f65385453b3940564bff3b,"i960 program, high word bank 0"
epr-18387.14,maincpu,0x00200000,0x00,0x00040000,0x00020000,load32_word,124a8453,26fb787451824fc6060724e37fe0ba6bb66796cb,3eb7acd0ecc0dfdbc92d48642ac1aecd70da41c3a59bb654c7c99f2c369bc4a3,"i960 program, low word bank 1"
epr-18388.15,maincpu,0x00200000,0x00,0x00040002,0x00020000,load32_word,8d347980,da79e51ad501b9560c4ed7cf1ec768daad93efe0,e2ee070a472ae7c8adc41740e5b2448b38b15373d09ca1bf497944061a663578,"i960 program, high word bank 1"
mpr-17560.10,main_data,0x02400000,0x00,0x00000000,0x00200000,load32_word,d1389864,88e9a8b6b0f58c96957015179e7ff10f837040e6,87bd435d0200e6384c0a7f34e2887f8983a71066892aef2621fdd331dad99635,main data pair 0 low
mpr-17561.11,main_data,0x02400000,0x00,0x00000002,0x00200000,load32_word,b98d0101,e154877380b9250d8119dd4c14ba306c7b337dcd,b5c7a8b9d8316ccc6d056b30b90496bc35ace76d39710d55a585fae119bc86cb,main data pair 0 high
mpr-17558.8,main_data,0x02400000,0x00,0x00400000,0x00200000,load32_word,4b15f5a6,9a34724958fef9b49eae39c6ea136e0cf532154b,d9fa45da7b263349a75f23a2764025adccf1700c157c0f23d3517d14eaf6b12e,main data pair 1 low
mpr-17559.9,main_data,0x02400000,0x00,0x00400002,0x00200000,load32_word,d3264de6,2f094ff0b95bf1cd5c283414634ea9597204d374,5ffd54b5c41be0e755b6da58492a4e14dd7c9e3938166398ef3a84711acb776c,main data pair 1 high
mpr-17566.6,main_data,0x02400000,0x00,0x00800000,0x00200000,load32_word,fb41ef98,ad4d1ba5e5b39b2d87105ae80750284867aa4ed3,300ec4484eda1e11d142d5c80a4e6b00c46fa79668d27281e53d0141c735ce30,main data pair 2 low
mpr-17567.7,main_data,0x02400000,0x00,0x00800002,0x00200000,load32_word,c3396922,7e0700ded530e4eb58e9a68cdb92791284c91431,e07931d29fe0083fce5829c334d0371a67abab3e4854347c30586cedaa36f998,main data pair 2 high
mpr-17564.4,main_data,0x02400000,0x00,0x00c00000,0x00200000,load32_word,d8062489,57666b6937f79bb65c43ed02b04a454882d01e61,d49111c296849dfb3f9f62be3738c1deb1320bc7e90194b57f94f4d23c24bb02,main data pair 3 low
mpr-17565.5,main_data,0x02400000,0x00,0x00c00002,0x00200000,load32_word,0517c6e9,d9ba93998286713758385033119416714674c8d8,5a498fe95b63fdd3a11ef4df18d542f00c56bb2f4c3c2ffe852f6e40b2bad687,main data pair 3 high
mpr-17554.16,polygons,0x02000000,0x00,0x00000000,0x00200000,load32_word,27896d82,c0624e58de2e427465daaa10dbb02ea2a1fd0f1b,8541e8439d99b77bbea38f2ed35574ce5a128d13aabf983d4cd182910fc85dce,polygon/model pair 0 low
mpr-17548.20,polygons,0x02000000,0x00,0x00000002,0x00200000,load32_word,c95facc2,09d19abe5d75a335df7510df8abb2d4425159cdf,3e01fea54c14397d32e836d0bd9b0440b48794c84a5e0f43d6a8c44480cdc4e6,polygon/model pair 0 high
mpr-17555.17,polygons,0x02000000,0x00,0x00400000,0x00200000,load32_word,4df2810b,720c4628d7783f0323b5723b441e13741556241e,6f5cb814938362820f8e2d23e5e0e4aadb010d17223c81c7865258fe22a0d689,polygon/model pair 1 low
mpr-17549.21,polygons,0x02000000,0x00,0x00400002,0x00200000,load32_word,e0bce0e6,0570604dc2007288795a3125ffd480bc4b3b0802,43a80fa0edc4661a03a039d2eeeccaeeecfacf90ffb60aeb9c68b74ab0043cf9,polygon/model pair 1 high
mpr-17556.18,polygons,0x02000000,0x00,0x00800000,0x00200000,load32_word,41a47616,55b909d2bc2079d0dfed5036c78c9e09bce09843,94da59219aeb251f5942e16f04c6848561a365150d5287b06b4c9d768d8bdfe4,polygon/model pair 2 low
mpr-17550.22,polygons,0x02000000,0x00,0x00800002,0x00200000,load32_word,c36ff3f5,f14fdf275905a90a0d4cc534d90b0302f26676d8,87479149833979744e53dc5c9cc0e1ad235bca6bf323cf755599489da07115dc,polygon/model pair 2 high
mpr-17553.25,textures,0x01000000,0xff,0x00000000,0x00200000,load32_word,5da1c5d3,c627b25a1f61a9fe9182e2199f70f6e485503c7b,7c1d36da36735320e0d5f73870fe073c9059d37338d9a02a35ab6963d987798c,texture pair 0 low
mpr-17552.24,textures,0x01000000,0xff,0x00000002,0x00200000,load32_word,e91e7427,0ac1111f2ecb4f924b5119eaaac8fa7bc87ab9d1,7deb15359860ddf8f36d98b7ad54339b1655036b1eeb994993e29e89f679a40c,texture pair 0 high
mpr-17547.27,textures,0x01000000,0xff,0x00800000,0x00200000,load32_word,be940431,5c1196a6454a4fead79a930979f2e69639ec2bb9,ad98b0e829a6b112ad413d89b3cff15830e7540735742d44bd3779a506b9472c,texture pair 1 low
mpr-17546.26,textures,0x01000000,0xff,0x00800002,0x00200000,load32_word,042a194b,c6d8524dc0a879394f1234b7bb04836081bb3830,b7cabc406adc4ac27ced5e53a2b5fa922dfd8830f53c1199ea9406b3cc9e7378,texture pair 1 high
epr-17574.30,audiocpu,0x00080000,0x00,0x00000000,0x00080000,load16_word_swap,4d4c3a55,b6c0c3f0473bd7fc3ef4f5146110dfcc899a5af9,3052296253bc5b6a9c3de047bd5988b9e6e2b3e55d996d2a4bb014d46ce24fe8,Motorola 68000 sound program
mpr-17573.31,samples,0x00800000,0x00,0x00000000,0x00200000,load16_word_swap,e43557fe,4c61a135819862df02347c118dc4d88a0adac273,2066a20f790dd794d21d798cea8c03aa44522a1fc78c96651e0fa0686ad24e61,SCSP samples bank 0
mpr-17572.32,samples,0x00800000,0x00,0x00200000,0x00200000,load16_word_swap,4febecc8,9683ea9bedfc5cd7b4a28e9a68792c0dc549d911,390230e3b5b961a1e6eb0fb8b41feb4cebcab9b057d31758268b27f58aa8d49a,SCSP samples bank 1
mpr-17571.36,samples,0x00800000,0x00,0x00400000,0x00200000,load16_word_swap,51caa584,cbbde1c55eddbeeefd283bb5afd79a670a282e3a,d8753c3054389cef883dcff96dbb003159536bed8c5c5e82617a2d51769af490,SCSP samples bank 2
mpr-17570.37,samples,0x00800000,0x00,0x00600000,0x00200000,load16_word_swap,bccd324b,4c7ebdea08b2dedf621f121785ed1c40ebae4236,0d38cc9e054f335167c6b03a741cda5c8bbd91e563112fad94a5f054c7787e08,SCSP samples bank 3
opr-14742a.45,copro_tgp_tables,0x00040000,0x00,0x00000000,0x00020000,load32_word,90c6b117,f46429fffcee17d056f56d5fe035a33f1fd6c27e,29a145d34e301fb9b568b3a82f60135cb5195544b6bcafc379ab9d8bdd259c84,TGP trigonometric/atan table low
opr-14743a.46,copro_tgp_tables,0x00040000,0x00,0x00000002,0x00020000,load32_word,ae7f446b,5b9f1fc47caf21e061e930c0d72804e4ec8c7bca,2fc594c0b05dd5f289ac07c28af5325db5878e5c155bc41f7daab8f4acd1fc44,TGP trigonometric/atan table high
opr-14744.58,other_data,0x00080000,0x00,0x00000000,0x00020000,load32_word,730ea9e0,651f1db4089a400d073b19ada299b4b08b08f372,a59d05e17f98a5bd2b2eecf5126555fad0128b90adf4a880513d6b8b8745302c,1/x lookup table low
opr-14745.59,other_data,0x00080000,0x00,0x00000002,0x00020000,load32_word,4c934d96,e3349ece0e47f684d61ad11bfea4a90602287350,34be268b2e6cfd75d36869e5561745ba574626c691e4bc11f03c4ebd604341ba,1/x lookup table high
opr-14746.62,other_data,0x00080000,0x00,0x00040000,0x00020000,load32_word,2a266cbd,34e047a93459406c22acf4c25089d1a4955f94ca,f25ed5d145e6197909899a06d024570a20a61d7005dc40f1bd3fb414e1187ed8,1/sqrt(x) lookup table low
opr-14747.63,other_data,0x00080000,0x00,0x00040002,0x00020000,load32_word,a4ad5e19,7d7ec300eeb9a8de1590011e37108688c092f329,db7f76d2406c04a5708d775007b120a76a4c9e93c4655c8e54d9aad0a966ded4,1/sqrt(x) lookup table high
mpr-16310.15,video_unk,0x00200000,0x00,0x00000000,0x00080000,load32_byte,c078a780,0ad5b49774172743e2708b7ca4c061acfe10957a,ab83fad6dd1fbe72f52a974a72bbbe24ce7a31616f6745d253c7353dfbac3eae,Model 2A video-board lookup byte lane 0
mpr-16311.16,video_unk,0x00200000,0x00,0x00000001,0x00080000,load32_byte,452a492b,88c2f6c2dbfd0c1b39a7bf15c74455fb68c7274e,aadfa1ad3482a12b133ae87e6e7e80d3c6ba528c3285ee9e423d7a8f0301b2b4,Model 2A video-board lookup byte lane 1
mpr-16312.14,video_unk,0x00200000,0x00,0x00000002,0x00080000,load32_byte,a25fef5b,c6a37856b97f5bc4996cb6b66209f47af392cc38,fe05291485f6a838995cf942c600db97d02d4ee0c108a2fb80ce0d95b0ff7a08,Model 2A video-board lookup byte lane 2
